fecha,Efectivo,m1,m2,m3
1984-01-31,108.81,370.88300000000004,1019.22,1068.069
1984-02-29,103.102,363.27099999999996,1026.6039999999998,1076.641
1984-03-31,106.416,364.94599999999997,1035.349,1088.525
1984-04-30,108.388,371.81100000000004,1043.631,1099.721
1984-05-31,112.006,369.12,1042.105,1104.846
1984-06-30,119.438,386.568,1071.569,1128.912
1984-07-31,111.962,384.15,1081.1329999999998,1139.474
1984-08-31,114.794,392.892,1099.656,1156.238
1984-09-30,116.478,398.017,1131.038,1190.64
1984-10-31,125.849,400.09,1150.405,1208.883
1984-11-30,129.628,416.84,1167.913,1229.885
1984-12-31,208.784,499.734,1252.327,1311.002
1985-01-31,146.681,454.547,1281.814,1345.568
1985-02-28,140.466,446.678,1308.002,1361.7510000000002
1985-03-31,139.074,448.93600000000004,1324.179,1391.112
1985-04-30,138.363,450.414,1341.268,1398.95
1985-05-31,147.008,457.5,1362.524,1430.579
1985-06-30,154.892,472.87399999999997,1399.06,1470.126
1985-07-31,149.092,471.049,1431.638,1507.5420000000001
1985-08-31,144.131,483.41200000000003,1456.0500000000002,1543.207
1985-09-30,141.57,486.908,1484.187,1554.922
1985-10-31,157.948,504.9630000000001,1524.536,1609.824
1985-11-30,165.925,536.913,1569.26,1651.619
1985-12-31,263.704,640.443,1680.91,1749.962
1986-01-31,182.477,593.277,1725.722,1809.231
1986-02-28,179.866,603.6940000000001,1774.4630000000002,1847.0049999999999
1986-03-31,190.248,599.894,1805.272,1883.338
1986-04-30,188.197,615.3820000000001,1825.078,1893.797
1986-05-31,190.337,627.983,1871.585,1946.835
1986-06-30,204.448,652.135,1914.405,1997.335
1986-07-31,198.592,643.1949999999999,1934.158,2024.7540000000001
1986-08-31,193.878,659.447,1951.411,2031.5349999999999
1986-09-30,188.615,645.6800000000001,1967.977,2047.631
1986-10-31,203.504,666.249,2005.576,2090.544
1986-11-30,210.726,702.623,2050.1490000000003,2136.357
1986-12-31,310.455,784.49,2171.98,2249.8450000000003
1987-01-31,228.564,758.537,2209.451,2295.455
1987-02-28,224.799,762.741,2256.084,2355.717
1987-03-31,219.286,758.193,2302.333,2394.454
1987-04-30,239.141,792.6139999999999,2371.5209999999997,2464.306
1987-05-31,241.97,802.1310000000001,2415.909,2517.1229999999996
1987-06-30,255.483,829.933,2464.807,2570.2670000000003
1987-07-31,244.727,832.6800000000001,2509.999,2618.8309999999997
1987-08-31,246.761,835.7669999999999,2542.015,2656.632
1987-09-30,257.824,840.6759999999999,2600.395,2742.463
1987-10-31,262.902,878.1119999999999,2641.3199999999997,2775.235
1987-11-30,269.034,907.776,2668.261,2796.7400000000002
1987-12-31,411.742,1044.566,2795.3450000000003,2923.2670000000003
1988-01-31,325.561,1009.133,2851.478,2976.674
1988-02-29,326.963,989.8320000000001,2866.842,3037.116
1988-03-31,346.65,979.784,2884.723,3050.83
1988-04-30,325.262,1002.0440000000001,2956.324,3103.6130000000003
1988-05-31,310.908,996.705,2985.4,3164.35
1988-06-30,351.143,1063.423,3086.658,3274.411
1988-07-31,331.223,1037.2839999999999,3076.7479999999996,3282.471
1988-08-31,341.499,1039.508,3123.9260000000004,3332.3689999999997
1988-09-30,329.962,1049.496,3164.056,3356.636
1988-10-31,340.688,1086.952,3209.148,3409.8540000000003
1988-11-30,386.27,1202.5249999999999,3327.0550000000003,3547.292
1988-12-31,520.874,1314.52,3455.858,3641.3680000000004
1989-01-31,385.939,1224.022,3534.465,3712.4179999999997
1989-02-28,372.683,1220.8429999999998,3614.8289999999997,3812.397
1989-03-31,384.623,1232.227,3684.817,3891.738
1989-04-30,395.189,1244.59,3778.321,3947.069
1989-05-31,411.389,1281.009,3897.729,4130.008
1989-06-30,426.999,1353.268,4026.695,4257.28
1989-07-31,403.163,1319.558,4099.822,4379.652700000001
1989-08-31,417.839,1331.315,4167.2970000000005,4472.9879
1989-09-30,406.694,1322.322,4166.74,4464.6872
1989-10-31,403.252,1353.468,4232.536,4536.6201
1989-11-30,464.68,1468.564,4361.151,4696.8536
1989-12-31,642.738,1694.747,4582.625,4892.5461000000005
1990-01-31,511.47,1580.9950000000001,4709.892,4999.6157410000005
1990-02-28,507.702,1579.027,4764.216,5169.352138
1990-03-31,498.901,1578.6200000000001,4843.031,5254.583838
1990-04-30,498.354,1633.5510000000002,4982.424,5429.617902
1990-05-31,537.961,1622.389,4989.486,5398.7179830000005
1990-06-30,547.466,1705.145,5153.3240000000005,5563.341995000001
1990-07-31,515.212,1674.722,5242.473,5684.243041
1990-08-31,523.329,1714.839,5336.847,5751.549687
1990-09-30,527.104,1710.66,5454.979,5885.86298
1990-10-31,575.741,1787.012,5642.945,6029.362149
1990-11-30,587.092,1856.7910000000002,5720.362,6170.059818
1990-12-31,817.306,2122.489,6034.223,6482.9944909999995
1991-01-31,655.708,1991.984,6142.404,6550.766611
1991-02-28,629.503,1931.469,6032.012,6624.421334
1991-03-31,644.532,1959.7760000000003,6101.619000000001,6660.031999
1991-04-30,605.336,1986.686,6238.804,6893.328977
1991-05-31,656.331,2094.0460000000003,6476.616,7030.711483
1991-06-30,701.376,2140.75,6499.707,7094.673436
1991-07-31,690.711,2100.133,6416.938,7018.164458
1991-08-31,664.421,2105.081,6435.796,6967.983789
1991-09-30,657.584,2219.563,6749.094,7294.787493
1991-10-31,758.27,2305.542,7215.59,7688.167915
1991-11-30,772.468,2456.348,7531.729,8133.561402
1991-12-31,1032.513,2795.433,8061.728,8623.047275
1992-01-31,833.448,2571.69,8279.858,8964.148546
1992-02-29,805.134,2567.8680000000004,8467.217,9124.8486
1992-03-31,796.477,2620.953,8774.209,9490.146578
1992-04-30,878.235,2895.251,9174.939,9803.389189000001
1992-05-31,900.995,2895.471,9235.444,10016.270303000001
1992-06-30,949.008,3084.4399999999996,9589.187,10346.758999
1992-07-31,937.279,2995.292,9456.153,10372.077381000001
1992-08-31,920.158,2976.1639999999998,9446.190999999999,10253.326293
1992-09-30,967.863,3008.1400000000003,9703.644,10576.263195
1992-10-31,978.297,3130.052,10129.042,10869.738951000001
1992-11-30,1026.1,3305.301,10315.766,11302.005028
1992-12-31,1406.546,3941.8239999999996,11179.588,12039.135344
1993-01-31,1116.426,3572.328,11094.435,12131.881468
1993-02-28,1083.452,3479.7709999999997,11160.464,12422.559181999999
1993-03-31,1177.884,3512.713,11499.975,12662.853892
1993-04-30,1155.022,3771.406,12023.117999999999,13012.259308
1993-05-31,1135.918,3800.4699999999993,12160.099,13434.664778
1993-06-30,1229.5,4022.728,12847.211,13919.895439
1993-07-31,1214.138,4020.7039999999997,13183.131,14582.617585
1993-08-31,1166.793,4005.3199999999997,13511.742,14808.439389
1993-09-30,1252.632,4108.352000000001,13642.319000000001,15119.00456
1993-10-31,1275.554,4193.613,14194.741000000002,15584.635883
1993-11-30,1272.587,4424.638,14866.854,16465.321771
1993-12-31,1748.459,5124.8369999999995,15817.286,17309.317036
1994-01-31,1420.68,4774.186000000001,16111.708999999999,17937.025754327
1994-02-28,1375.028,4793.457,16426.803,18191.630030820997
1994-03-31,1547.725831,4827.424830999999,16811.670831,18668.835262379
1994-04-30,1546.887,4982.217,17356.851,19303.612485622998
1994-05-31,1470.164,4986.841,18042.092,20118.129501892
1994-06-30,1691.835,5246.121999999999,18278.547,20370.06661641
1994-07-31,1603.209988,5334.303988,18894.362988,21134.944577677998
1994-08-31,1671.556996,5309.453996,19484.297996,21441.50925032
1994-09-30,1631.927995,5342.460995,19895.745995,22167.355558606003
1994-10-31,1726.361945,5458.867945,20387.587945,22545.804858445
1994-11-30,1942.381,5778.335,21257.976,23603.125274606
1994-12-31,2269.982964,6419.026964,22569.050964,24729.338036423
1995-01-31,1832.652999,5858.951999,22583.210999,25120.081416818997
1995-02-28,1787.616,5707.448,23121.464,25350.044548577003
1995-03-31,1881.943,5762.1359999999995,24048.426,26307.829454808998
1995-04-30,1969.417,5936.588,24812.343,26979.901167096003
1995-05-31,2026.263868,5818.058868,25108.816868,27763.761683065997
1995-06-30,2128.722868,6186.153868,25922.203868,28198.87195583
1995-07-31,2058.183998,6238.322998,26212.859998,28714.520925978002
1995-08-31,2115.226915,6003.045915000001,26297.102915000003,28627.740815046
1995-09-30,2047.747,6044.089,27140.551,29841.652921655
1995-10-31,2064.767999,6126.246999000001,27882.799999000003,30460.427356671
1995-11-30,2358.624997,6611.959997,27755.801997000002,31005.925013941
1995-12-31,2873.3,7717.836,28961.289,32034.426132485998
1996-01-31,2406.591,6672.377,28431.308,32197.703907429
1996-02-29,2361.649983,6618.4949830000005,28859.804983,32535.385669946998
1996-03-31,2293.240964,6873.422963999999,28972.139964,33313.796547263
1996-04-30,2215.625,6794.802,29677.240999999998,34001.135348883
1996-05-31,2332.485896,6680.954896,29682.051896,34584.102042136
1996-06-30,2524.515744,7150.295743999999,30190.288743999998,35126.245647414
1996-07-31,2492.523995,6838.069995,30647.058995,36060.062250972005
1996-08-31,2389.296981,6649.1539809999995,30599.053981,36214.783418028
1996-09-30,2316.198965,6967.011965,31013.222965,37078.673886081
1996-10-31,2492.081,6938.919,31531.148999999998,37285.097348365
1996-11-30,2500.51,7204.294,31790.972999999998,38324.302042705
1996-12-31,3240.107997,8992.756997,34815.523997,41447.218196196
1997-01-31,2705.599998,7603.123998000001,34106.835998,41292.074404319
1997-02-28,2655.729987,7570.262987,34164.009987,41157.232724969996
1997-03-31,2828.177951,7898.136951,34711.665951,41776.270369761995
1997-04-30,2900.191982,8139.834982,35528.627982000005,42990.155865333
1997-05-31,2903.657,8156.582,35835.226,43525.562618384
1997-06-30,3156.837,8762.584,37016.093,44776.736385752
1997-07-31,3112.915956,8444.989956000001,37632.275956,45695.417880420995
1997-08-31,2975.413606,8250.300606,37880.331606,45806.189518617
1997-09-30,2911.529,8387.941,38605.216,46872.257181395005
1997-10-31,3189.219998,8597.939998,39547.195998,47820.320446801
1997-11-30,3265.96,9184.106,40928.453,49854.271805459
1997-12-31,4102.306965,10948.009965,43794.557965,52528.179451933
1998-01-31,3423.16,9321.836,42725.077000000005,52068.493395018
1998-02-28,3335.788926,8878.917926,42805.114926,52139.960608742
1998-03-31,3247.262,8862.987000000001,43437.029,53051.465010028005
1998-04-30,3411.453922,8788.320922,44192.693922,53614.72768142
1998-05-31,3394.047267,8917.456267,45450.489267000004,54905.658375278
1998-06-30,3535.51843,8952.71543,45428.37843,55143.352214800005
1998-07-31,3418.336,8656.393,45465.386,55275.95357245
1998-08-31,3288.213107,8637.403107,46024.063107,55370.388347147
1998-09-30,3478.845518,8459.625518,45305.948518,54474.23314425
1998-10-31,3432.443448,8317.646448,45558.917448,54228.891581377
1998-11-30,3496.741483,8775.240483,46241.652483,55067.340588989
1998-12-31,4603.495683,10526.461683000001,48558.066683000005,56638.633157849
1999-01-31,3846.979458,9159.352458,48107.550439,56606.379502467
1999-02-28,3731.089874,8754.860874,48530.744855,56980.377783644995
1999-03-31,3909.06594,8711.80194,48412.779921,56608.769236303
1999-04-30,3832.873993,8875.848993,49186.307974,57542.303152077
1999-05-31,3934.804719,9173.761073,49238.811973,57002.5984127126
1999-06-30,4575.527493756,9493.248847756,49381.81436475601,57143.35846725
1999-07-31,4381.650356,9586.54956,49089.933045,56732.285155148995
1999-08-31,4256.851677,9379.946881,49459.487460000004,56887.92127769
1999-09-30,4429.795252,9382.498456000001,48934.594268,56502.087558229
1999-10-31,4361.972503,9304.869707,49632.411723,56848.561348985
1999-11-30,4305.928723,9540.694927,50270.683564000006,57751.6383115875
1999-12-31,6037.070837782,12813.970753782,53670.529371552,59991.9292684114
2000-01-31,4881.40274118456,11542.274488184561,52848.12792111456,59798.95981524586
2000-02-29,4718.960982684,11508.627918684,51593.421595062,57815.521670475304
2000-03-31,4921.655887474,11751.272662473999,51624.896581654,57851.9228404053
2000-04-30,4911.7238776,11901.6414636,51767.54886723,58244.766016932
2000-05-31,5351.6287508,12400.967523799998,52601.01158243,58413.9740153157
2000-06-30,5516.682838714,12723.611209714,52995.648439154,58307.7439446832
2000-07-31,5471.66328064182,12919.98193964182,52952.941529501826,58921.40023040422
2000-08-31,5550.238784968,12606.055998968,52366.677369638,58168.0947184326
2000-09-30,5532.17555235375,12613.668467353751,51825.56285077376,58505.87600814955
2000-10-31,5547.104821352,12603.436478532,52172.895400142,59387.6449356956
2000-11-30,6045.8286449541,13746.8195135241,53443.3680686241,60954.6156225932
2000-12-31,7276.0490665895,16720.7815223295,56663.6467039195,62482.8882415443
2001-01-31,6669.72348482151,14229.15867208151,56528.32570717151,61839.61580193441
2001-02-28,6492.939044998,13695.406600008,55905.875530528,62291.4158576744
2001-03-31,6263.182706166,13824.367650336,56096.929284796,61965.1846903704
2001-04-30,6167.477495042,13674.854478652,56058.834409582,62073.2885390617
2001-05-31,6412.553829535,13671.006572425,56165.033215705,62646.8929085322
2001-06-30,6505.237275856,14106.570088855999,57264.11639985599,62957.9972380838
2001-07-31,6350.643353802,13804.962156802001,57464.692975802,63105.4620158646
2001-08-31,6356.986759656,13415.217862656,56833.920977655995,63346.3262976409
2001-09-30,6283.475572209,13587.654484939001,56736.362489349005,63459.8536122221
2001-10-31,6670.1978713,13967.214776649998,56728.172569819995,65063.8611095518
2001-11-30,6868.51599778,14755.73270423,57877.283305230005,65925.9463949019
2001-12-31,8349.441371858,18736.950128768,62158.432053847995,68323.9596633918
2002-01-31,7565.964306728,15479.387754637999,59095.609313908004,66592.9544332472
2002-02-28,7488.475887959,16053.394363088999,59491.083372039,66914.979238533
2002-03-31,7509.963446284,15641.206363324,59099.202618494004,67067.7334317972
2002-04-30,7198.66885493,16085.61335284,59936.7909983,67772.5505956132
2002-05-31,7527.803794498,16238.972388877999,60274.739862028,68075.183834619
2002-06-30,7962.265818307,17278.960239677,61020.409584707,67960.90228398019
2002-07-31,8250.137664253,17453.268224343,61464.296706352994,68460.35441004639
2002-08-31,8192.592629146,17265.513452896,61481.527931125995,68460.2733839763
2002-09-30,8155.28388473,17157.72566148,61888.980638839996,69231.7907406888
2002-10-31,8420.16586394,17644.188727089997,63087.36825154,69565.4646855287
2002-11-30,8516.694323741,17911.901038801,63782.164888221,71100.9557817578
2002-12-31,9993.495698491,21635.640149341,66672.227867911,73975.4628279778
2003-01-31,9142.33867052,19232.10435647,65703.13312032999,73099.0861548163
2003-02-28,8865.06033118095,18805.50256657095,65786.47218435095,73897.03669332985
2003-03-31,8713.054290472,18863.329215292,66321.183818782,74363.9374872954
2003-04-30,8939.64493122,19060.04272723,66872.37098419,74380.5134844566
2003-05-31,8829.54660381,18290.89704169,66711.49015658,75685.77111987
2003-06-30,9183.31674005,19648.331812099997,67856.61016002999,77083.87237323
2003-07-31,9419.67089758,19870.48555212,68497.14734962,77082.57464884
2003-08-31,9185.34433632,19458.56612992,68497.33046257,77441.10351764
2003-09-30,9136.99205305,19688.25493861,68804.83165215,77569.17982322
2003-10-31,9650.60753695,20047.40724228,69897.73299823,77413.33492421001
2003-11-30,9933.92468262,20992.48998771,70818.37543933,79565.56745647
2003-12-31,11952.59778729,24918.29936014,74758.3990368,83382.25044644
2004-01-31,10946.76513141,22474.84463966,73307.24481597,82583.75800316999
2004-02-29,10595.66635888,22049.84907883,73562.5179389,82953.15865648
2004-03-31,10729.48422345,22520.959379339998,74604.96442112,84059.61215366
2004-04-30,10388.8507888,21398.165272899998,73894.23074927,83951.92398564001
2004-05-31,10390.08406707,21391.54070954,74687.92092070999,83690.77325771
2004-06-30,11351.25865239,23035.258657320002,78489.13887871,87261.7551001
2004-07-31,10855.43747656,22145.916609840002,77736.56263541,86709.4852808
2004-08-31,10547.5607101,21935.08346778,78755.63365561,87279.18113986001
2004-09-30,10881.42539491,22606.476759279998,79224.09803523,88928.67114076
2004-10-31,10952.52584366,22578.480141369997,79212.30848019,89803.12784685999
2004-11-30,11366.33562395,23765.79306024,82652.98996855,92160.43367872
2004-12-31,13836.17018892,29113.72355199,88342.38427719,97634.97385544001
2005-01-31,12526.52485332,25788.360263309998,86863.40468159,97227.13544777999
2005-02-28,12170.62439702,25367.14408905,86524.57661361,96937.46132646
2005-03-31,12412.45720054,25876.36911905,89433.6925211,98920.46559284
2005-04-30,12169.99008369,25633.493219049997,89805.72879520999,99510.2368726
2005-05-31,12215.64829615,25405.330409989998,90188.78033082,101022.42784255
2005-06-30,13267.81994853,27474.90141286,93435.96662393,102101.66505478
2005-07-31,12864.27239122,26136.578213399996,92774.14955731001,101918.75029646
2005-08-31,13090.04449278,26954.44577138,94437.57603634,102296.16378249
2005-09-30,12922.24624721,26284.30457307,95759.27368109,104778.31321084
2005-10-31,13276.22090048,26870.132731290003,97489.76721143001,106942.62816456
2005-11-30,14346.61005849,29901.342527120003,101880.79571899,111792.61528975
2005-12-31,16308.87983502,34292.647846679996,104088.20583644998,113302.32373977
2006-01-31,14938.27045838,30639.11765679,102642.44063833,112491.70367225999
2006-02-28,14580.12215143,29841.48402052,102663.52130613,112546.90944216
2006-03-31,14863.01968005,29945.631524149998,102480.43073328999,111522.84108549
2006-04-30,15018.57085483,30190.476977680002,104181.35715222,116326.27433836
2006-05-31,15740.08274811,31333.81491175,107537.98493384,116965.23659706
2006-06-30,16490.62946037,32966.16508562,110013.03323438,119267.47287811001
2006-07-31,16577.34057187,32678.62517522,112307.91097340001,121840.86064386001
2006-08-31,16887.61926728,34010.85026983,113767.97973533,122867.93429296
2006-09-30,16687.58236678,32567.135563800002,112360.24711735,122232.63092896
2006-10-31,16688.99422609,33197.00703845,114599.18812639,124857.69805062
2006-11-30,17830.62010059,35287.42385054,119691.57726563,130451.67869102
2006-12-31,20076.52025727,40527.50283482,122183.49793336,132568.6454353
2007-01-31,18466.43239816,36416.41500563,119727.67784455999,130377.79822682
2007-02-28,18205.05970132,36023.69128488,122459.3632239,132877.71231363
2007-03-31,17602.21144754,35358.31706823,126659.73868580999,138742.44084581
2007-04-30,17502.31136063,36101.119672500005,128395.61687174,139934.61838762
2007-05-31,17902.86108533,35806.57069983,127779.88855667,142117.26522845
2007-06-30,18193.45460709,36165.197284819995,128324.47964445999,139546.71805524
2007-07-31,17863.48584004,35749.55161256,131234.34779072,143181.15146291
2007-08-31,17940.09043023,35509.307174739995,130342.27033089,140961.27251948998
2007-09-30,17940.20788632,36692.71587847,133228.87756101,146535.49426961
2007-10-31,19019.97757806,38599.24730762,138844.486756,149869.9988391
2007-11-30,19404.73050356,38293.66967319,141154.86119472,155216.01129425998
2007-12-31,22339.98836193,45362.270638429996,144058.88939159998,156603.62791157002
2008-01-31,20755.78708709,40005.68451408,141003.17476039001,156760.44483772
2008-02-29,19613.4306985,38826.57546153,143727.98937665002,155761.21035612002
2008-03-31,19118.77715901,38489.43222066,143468.62639237999,156717.02900354
2008-04-30,19330.75271783,38823.04104696,145846.16112509998,160598.82293495
2008-05-31,18805.0924618,37468.81496889,143870.38567601,159429.38925807
2008-06-30,19370.33719208,39373.608882329994,146255.34372623,160550.85623262997
2008-07-31,19668.95247468,40011.49969642,148814.97987375,162472.85137533
2008-08-31,19328.32279447,39099.08995965,150595.54300743,165193.81436471
2008-09-30,19476.04841665,38726.29846305,151887.17491314,169004.38832802002
2008-10-31,20482.16138994,40286.53134544,156973.55487527,171844.10262647
2008-11-30,20752.72626418,41488.1353259,160335.98259538,177609.68618124002
2008-12-31,24208.2164636,49095.53790792001,168764.17421099002,184451.62739871998
2009-01-31,22173.66498791,43213.754426319996,166090.51613797,183899.47716389003
2009-02-28,21706.16320579,43421.03261567,169361.19214779,185432.57848435
2009-03-31,21358.92081004,42588.32762155,168225.40643329,185113.64662412
2009-04-30,21372.48288245,42190.03684239,164790.30254391,183970.37687168998
2009-05-31,20850.83870361,41812.44291488,167200.38961572,185825.04137192
2009-06-30,21298.6036222,43620.54375592,169666.64648766,187602.70270835998
2009-07-31,21390.09474151,42810.847171,171207.70058919,189048.26674432
2009-08-31,20720.17122473,43408.39519383,169136.10143526,188367.98485878
2009-09-30,21461.77736656,43135.46405259,169117.60367697,187352.98954088002
2009-10-31,21039.96440477,43565.511854619996,171800.53881166,190249.18178766
2009-11-30,21607.52393524,46062.57882425,174701.05845384998,195321.40468094
2009-12-31,25788.97330493,52756.33023674,177815.96464323002,197481.90276177
2010-01-31,23393.96399547,48348.003426519994,176676.62445272,198440.76195611
2010-02-28,22631.80944463,47681.383581999995,178034.38985206,198416.52625656998
2010-03-31,23325.02761334,47745.664515259996,177066.36688416,197694.07439387002
2010-04-30,22769.52742795,48071.509755470004,176653.76074046,198045.59151284
2010-05-31,22698.22930862,47510.294537170004,176203.86610779,198704.15360554002
2010-06-30,24790.12242951,50316.53663002,181250.51184076,202394.03251111
2010-07-31,23979.39371153,49401.61309868,180669.88418219,202651.39733165
2010-08-31,23540.85136102,50387.093506339996,181739.11917926,203158.35584852
2010-09-30,24163.59803451,50453.71716239,183221.35451173,204310.16911125
2010-10-31,24105.2197295,51021.03901147,184930.91879491002,207484.93225488
2010-11-30,24732.66237982,53274.9606021,188381.26670964,213543.05895645998
2010-12-31,29769.49490739,62090.57350198,195878.0388135,220063.88519745
2011-01-31,27142.76952434,55963.05187742,191808.30858844,218033.11388252
2011-02-28,26639.79306475,56779.69941576,197700.88258929,220746.99519462002
2011-03-31,26923.41305123,56762.156586180005,200308.84535129002,223211.80006036998
2011-04-30,26218.99655179,55820.50162176,197358.30834609998,220485.06983678002
2011-05-31,25856.79091341,55266.25948565001,201644.67051869002,226099.27259592
2011-06-30,27827.99936589,57920.32960312,206869.95516016003,230617.31730035998
2011-07-31,27027.58815701,57310.23637218,206122.26626175,230594.39497395
2011-08-31,27664.4086814,58505.512232830006,214018.99930653,238001.72348294
2011-09-30,27304.41007718,58004.39851154,211869.45995588,237485.83741069998
2011-10-31,27771.43441576,59819.41807558,216923.88532361,242328.98786417
2011-11-30,30030.47898782,63486.59035712,226098.31665982,252319.12811444
2011-12-31,33399.11455086,68792.66302669,232948.26757312,259914.38126763003
2012-01-31,30200.28119179,61868.31858968,229432.37651663,256719.93637788002
2012-02-29,29893.95854542,60901.427880539995,235801.20759222,261201.34898775
2012-03-31,28872.95562141,60245.84812526,235589.08662853,261714.75812200003
2012-04-30,28153.80588073,60717.548114410005,233982.36945423,262280.8086766
2012-05-31,28732.88388468,60178.60073074,237538.88784128,264923.95039169
2012-06-30,29242.77812501,61894.983087910005,238857.72953522002,267104.75885351
2012-07-31,28899.32748939,61813.54269082,238624.99536191,266625.47151629
2012-08-31,28973.70607517,61446.78874804,245024.13718481,272596.66601336
2012-09-30,28743.47487197,61228.77601951,247124.60527009,276109.99216193
2012-10-31,30077.53169479,62835.20411525,254195.06907946,282389.07942741003
2012-11-30,30402.79864834,65458.049078510005,259229.82381786,287988.0860983
2012-12-31,34698.52230681,73233.97825915,271354.20878047997,300467.98139364
2013-01-31,32230.39285359,66940.27803741,266738.12531046,294692.1408006
2013-02-28,31598.10680074,66497.78741937,271639.64266798,300704.26712936
2013-03-31,31725.31274353,67890.17485502,274926.44448729,305297.94626302004
2013-04-30,30545.81261008,68102.13465980001,273861.50563113,304681.32790484
2013-05-31,31233.7226449,67251.51040386,278106.262659,307830.64061661996
2013-06-30,32256.7531511,72099.05955933,284444.25687157,315232.12184803
2013-07-31,33597.33514661,71912.25881384,288428.48236995,318067.00954597
2013-08-31,32568.07233471,72425.98835161,291738.82380851,320765.10039187997
2013-09-30,32564.04743338,72167.68220623,290808.63958491,319499.59479487
2013-10-31,34114.91168052,73387.57165381999,299863.20463696995,327578.39985072997
2013-11-30,34605.65353907,76785.34742709,306390.8582622,335823.71172728
2013-12-31,39488.45094198,83788.54061427,311178.53697811,340197.35931914
2014-01-31,36754.75037708,78985.05449701,310061.94630869,338625.36053274
2014-02-28,36345.1654015,79944.88981167,318519.0536621,347393.45513683
2014-03-31,36132.36923609,80633.21328013,317992.35614071996,346830.79048152
2014-04-30,36848.48784574,80080.18594605,318151.96703918,345777.49463355
2014-05-31,36083.44358079,78669.02883651,316831.22405931,346239.64196244004
2014-06-30,37065.42624876,81882.55067709,321532.19414808,351186.59511608
2014-07-31,37916.31707211,81436.89707119,325553.78719668,354237.11593860004
2014-08-31,37061.39771909,81408.74929358,326373.10140606,355450.52270873
2014-09-30,37005.18598291,81692.02217308,322607.66902776,351987.8280487
2014-10-31,38190.15250135,82215.36528312,329694.58277669,359789.27657765
2014-11-30,39301.382032,85763.7508914,333884.82028842,366322.35592548
2014-12-31,45328.40005589,93606.01301211,339464.65170677996,372253.45644387
2015-01-31,41965.50295712,88346.14380868,334492.22986828,368712.30863192
2015-02-28,41367.83141726,86757.76298309001,344001.90286888,377237.69016167
2015-03-31,41516.30794831,88072.70197866,344505.06957856,377652.74084804
2015-04-30,42020.77427732,85902.90615452,342839.79682497,376148.68320624
2015-05-31,41663.88673649,85532.21762118,346695.62551183,380918.43135289
2015-06-30,43159.61554045,90428.83224566,352104.48128617,386869.46276997996
2015-07-31,44579.45212573,89404.34524491,357284.96611776,389495.49115417997
2015-08-31,44537.06070302,91498.27234120999,362829.00365448,395451.29804789
2015-09-30,46582.43028129,90860.03035292,362589.26552822,394358.9065694
2015-10-31,46602.38012777,91696.38517683,370685.60171158,402353.36408509
2015-11-30,48150.12529394,96663.49448917,374864.51980297,408632.46060037
2015-12-31,54083.81365161,103369.3192453,381850.81544532,415690.99314391
2016-01-31,50384.20715396,95752.94315329,376203.80331813,410959.66786988004
2016-02-29,49093.80291498,96837.8235934,386633.97933396,419010.14046841
2016-03-31,49448.63651396,96155.88016038001,389517.36517661996,421710.36548304005
2016-04-30,47966.0620035,93588.06168656,389192.45851764997,421969.06973527
2016-05-31,47566.42675867,91080.87470228999,388485.95095342,421825.50381675
2016-06-30,49720.06084262,92154.17419459,393806.49384109,426678.98867651
2016-07-31,48973.97036235,92865.91854902,395866.98632752,430000.54516132997
2016-08-31,48965.49218388,92855.9129236,398609.38162496,431979.43322728
2016-09-30,47729.14892316,89592.49045524,394557.71768779,428750.46105547
2016-10-31,48101.33132651,92606.55567566,397059.48629914003,430857.3305987
2016-11-30,51529.37832509,95333.10179621,406626.57655607996,441322.65324923
2016-12-31,55426.54085996,102042.83288058991,408241.84379568987,445140.07830921
2017-01-31,50627.77806264,95069.78825782001,404201.32644262,441885.5429533
2017-02-28,48850.97605264,96508.39182955999,410070.22954878997,445932.11248319
2017-03-31,48781.53710295,93478.90210425001,408947.36607295997,445723.51998769
2017-04-30,47939.46051877,91556.36897474999,410771.05567444,450217.73738542997
2017-05-31,48984.53581574,91224.40057266,410754.57997677,446001.70674544
2017-06-30,49245.26439454,93055.39154838,415075.59971902997,452546.81825436
2017-07-31,49775.07707706,94466.79563118,418156.33578241,455912.03462553
2017-08-31,50623.41103504,93627.84845573,416699.18341735,453111.74461943
2017-09-30,49976.55808647,93306.61209462001,414830.79164296,452180.29280736
2017-10-31,50056.16475691,94845.19343099001,417643.26509115007,455392.82732507
2017-11-30,53854.03023905,98064.98117343,428394.58643650997,466984.12420123996
2017-12-31,59497.96004075,108538.74256232,437122.97461386,477656.44609139
2018-01-31,55369.85052907,99628.64715308,428365.32189148,466995.99144701
2018-02-28,54708.93125561,100742.69234335,434322.71962532995,472043.70971901005
2018-03-31,54050.93727853,100115.39535611,435891.2100046,474374.41913722997
2018-04-30,51921.63642209,98209.33525325,433478.14533775,471682.2813035
2018-05-31,52927.27169762,96961.63341769,432300.09589751,470495.9843459
2018-06-30,53558.56356502,98841.16190457,435435.79011183,475431.66727011
2018-07-31,53548.25313547,101095.95942261998,439512.06171519996,480066.50163938996
2018-08-31,53671.53357419,100564.39930517,441587.12589566,480740.36325505
2018-09-30,53646.2882685,100191.52351160001,437095.43834543996,477315.97841663
2018-10-31,56155.32034881,101775.12921086,442508.28681684,480678.03698518
2018-11-30,56535.48779861,105703.62165809,450343.88375548006,491324.5069794
2018-12-31,64377.56213244,116395.81857919,459008.57676795,504403.73715239
2019-01-31,61062.77013335,107764.55071338001,450513.55103004,490944.01701089996
2019-02-28,60422.49208146,108341.49961915,456836.4008451,497634.53439109004
2019-03-31,59049.19303297,108964.86678214,462736.64181649,504081.30898883
2019-04-30,58722.61812123,108820.77222884,463623.77388988,507576.31153485
2019-05-31,59861.73681614,107530.57675254,464368.30014583,506184.25134364003
2019-06-30,61443.6185977,110946.98413941,469979.64794705005,513676.53840951994
2019-07-31,63309.7222697,112086.80113444,473851.68428338,517206.25247292005
2019-08-31,62593.47012658,113852.65153351001,476434.57439244003,520341.86899213
2019-09-30,62877.50965155,114045.30796414,476248.52221996,523692.42028063
2019-10-31,65873.53181506,114869.03489104,480525.42145033,525468.6408859601
2019-11-30,66552.34291327,120837.23646245,493116.94563074,540137.3305129299
2019-12-31,75051.32125866,127881.57369876,498840.46571105,543914.8415981
2020-01-31,70053.89333146,119463.604797,492344.98266386,536960.29913866
2020-02-29,68579.8653762,120475.0046941,497989.90922145,544669.7023688899
2020-03-31,70997.359604,137992.07591786998,527111.48602782,573393.76012641
2020-04-30,75621.27153227,140447.47399281999,539776.4249051299,587003.41883441
2020-05-31,78459.07852382,140321.07533001,543768.80424662,589884.80212958
2020-06-30,80837.97775616,144845.76820304,550695.14576984,596319.0384565099
2020-07-31,82775.80767897,142363.29384451,553114.76292091,597630.22978971
2020-08-31,83018.86891533,144405.18844757,551098.67396789,597058.23398975
2020-09-30,85480.47067347,144404.09504822,549796.35158564,596945.90981412
2020-10-31,84845.50895359,146843.98047441,553622.69860129,600731.0447840199
2020-11-30,87370.6774979,149347.71208263002,556101.7025512401,605540.33807171
2020-12-31,94873.46043289,161069.38141072,570270.4405803201,619409.10624006
2021-01-31,90709.54960229,153500.28496448,559247.20722238,608771.82197264
2021-02-28,90094.53119959,157355.19973935,564322.97138712,614213.22513933
2021-03-31,91570.53086087,161448.52821383998,571602.24700123,620661.2501772001
2021-04-30,91311.38033053,159843.48993796,573605.71123348,623718.92286397
2021-05-31,93239.97000784,165721.31174033,575393.05962122,626145.3712107
2021-06-30,96861.11886367,167399.86871547002,586572.32012761,636603.61302256
2021-07-31,96460.39952864,167549.0305785,592176.7078076501,642262.76352928
2021-08-31,95756.14272066,171073.73007759,592603.84481672,643390.08972051
2021-09-30,96762.30243627,168815.10436622,587775.61013428,639093.28565913
2021-10-31,96055.36428908,171906.04980382998,598674.4076700299,650349.7443473301
2021-11-30,98210.55575863,181138.19156838,610747.16182178,666066.10508526
2021-12-31,108599.59341746,188259.31965999,637317.52859034,693937.00715596
2022-01-31,104103.56751619,181279.60012801,626526.26676767,683757.97852943
2022-02-28,103070.18337309,183822.75769420998,631590.15552596,685912.16689478
2022-03-31,104299.54507423,181467.39758944,642880.79135294,696301.30067316
2022-04-30,102960.63249841,180324.41949198,648705.70964499,703914.7414387099
2022-05-31,103878.80476675,180864.45895553002,648257.52679922,703955.88854531
2022-06-30,106426.58999633,182139.11694933,666490.15312045,721465.65242553
2022-07-31,106630.85353328,182438.42024240998,672434.75919317,728322.1928702199
2022-08-31,107492.50902807,181753.4465318,678476.93660475,732895.08726714
2022-09-30,106148.59601543,178143.30940502998,677530.60195881,731200.3635593699
2022-10-31,105889.65757999,180695.98786013998,684961.89727043,737087.63479163
2022-11-30,108891.4535107,181774.88661239,695455.5247327,747482.64861303
2022-12-31,116163.95929513,189505.74252152,714122.356676,770307.9154390399
2023-01-31,108806.95627979,181472.43178279,706747.60314834,761927.16845889
2023-02-28,105823.63050499,177645.05303675,725113.60968202,776290.94669074
2023-03-31,104865.78545193,172389.16552223,715615.54321356,767802.93706832
2023-04-30,102663.79989318,171774.81509346,711615.72428063,764497.76379226
2023-05-31,103104.47395186,168572.24963945,710709.59862004,762127.88343733
2023-06-30,103112.4137215,169042.29378563,722810.58108608,773966.9906719499
2023-07-31,102926.82946859,169433.60010726,724800.93072435,775002.69693805
2023-08-31,103363.38947415,167846.94838245,732478.1214771101,789242.8056426101
2023-09-30,102175.61324592,168159.48040254,733591.99829035,783727.86500716
2023-10-31,103192.18595086,173828.68303434,746253.8027128,797164.43587814
2023-11-30,106644.97516049,173544.85984251,754239.65402991,804525.04059048
2023-12-31,115069.9780382,184835.82450399,765838.04264253,820238.7795283
2024-01-31,111043.337807365,177889.322992045,761699.121002915,810317.403716935
2024-02-29,108868.63401882,174902.48019585002,768258.37505508,816243.55853006
2024-03-31,108511.994952986,174410.880556406,765122.310589096,813122.128256476
2024-04-30,105672.07148689,176875.05997961998,768735.0425432101,818387.12582044
2024-05-31,107670.531915488,172997.392022908,769935.2922282179,819007.064887168
